{"cameraMode":{"drawMode":0,"name":"Shaded","section":"Shading Mode"},"sceneLighting":true,"audioPlay":false,"sceneViewState":{"showFog":true,"showMaterialUpdate":true,"showSkybox":true,"showFlares":true,"showImageEffects":true,"showParticleSystems":true},"in2DMode":false,"pivot":{"x":0.4501018524169922,"y":4.152189254760742,"z":-1.1019115447998047},"rotation":{"x":0.22928008437156678,"y":0.2562769651412964,"z":-0.06271527707576752,"w":0.9369211196899414},"size":96.87740325927735,"orthographic":false}