{"cameraMode":{"drawMode":0,"name":"Shaded","section":"Shading Mode"},"sceneLighting":true,"audioPlay":false,"sceneViewState":{"showFog":true,"showMaterialUpdate":true,"showSkybox":true,"showFlares":true,"showImageEffects":true,"showParticleSystems":true},"in2DMode":false,"pivot":{"x":32.74787521362305,"y":7.417943954467773,"z":10.832196235656739},"rotation":{"x":0.692603588104248,"y":0.0034416555427014829,"z":-0.0029068617150187494,"w":0.7214482426643372},"size":9.00601577758789,"orthographic":false}