{"cameraMode":{"drawMode":0,"name":"Shaded","section":"Shading Mode"},"sceneLighting":false,"audioPlay":false,"sceneViewState":{"showFog":true,"showMaterialUpdate":true,"showSkybox":false,"showFlares":true,"showImageEffects":true,"showParticleSystems":true},"in2DMode":false,"pivot":{"x":17.52597427368164,"y":0.7300187349319458,"z":19.960205078125},"rotation":{"x":0.13612748682498933,"y":-0.6243582963943481,"z":0.11169913411140442,"w":0.7611207962036133},"size":0.44170260429382326,"orthographic":false}