{"cameraMode":{"drawMode":0,"name":"Shaded","section":"Shading Mode"},"sceneLighting":false,"audioPlay":false,"sceneViewState":{"showFog":true,"showMaterialUpdate":true,"showSkybox":false,"showFlares":true,"showImageEffects":true,"showParticleSystems":true},"in2DMode":false,"pivot":{"x":17.304101943969728,"y":0.7484822273254395,"z":16.019847869873048},"rotation":{"x":0.7284261584281921,"y":-0.006158227566629648,"z":0.006582295056432486,"w":0.6851541996002197},"size":0.6356135606765747,"orthographic":false}