{"cameraMode":{"drawMode":0,"name":"Shaded","section":"Shading Mode"},"sceneLighting":true,"audioPlay":false,"sceneViewState":{"showFog":true,"showMaterialUpdate":true,"showSkybox":true,"showFlares":true,"showImageEffects":true,"showParticleSystems":true},"in2DMode":false,"pivot":{"x":35.35725402832031,"y":-2.1993484497070314,"z":34.97828674316406},"rotation":{"x":0.7224193215370178,"y":-0.004152422770857811,"z":0.004338020924478769,"w":0.6914345622062683},"size":75.16317749023438,"orthographic":false}