{"cameraMode":{"drawMode":0,"name":"Shaded","section":"Shading Mode"},"sceneLighting":false,"audioPlay":false,"sceneViewState":{"showFog":true,"showMaterialUpdate":true,"showSkybox":false,"showFlares":true,"showImageEffects":true,"showParticleSystems":true},"in2DMode":false,"pivot":{"x":1.772735595703125,"y":0.8000076413154602,"z":-1.8579368591308594},"rotation":{"x":0.23076024651527406,"y":0.2082616090774536,"z":-0.05064014345407486,"w":0.9491310119628906},"size":2.8299942016601564,"orthographic":false}