{"cameraMode":{"drawMode":0,"name":"Shaded","section":"Shading Mode"},"sceneLighting":false,"audioPlay":false,"sceneViewState":{"showFog":true,"showMaterialUpdate":false,"showSkybox":false,"showFlares":true,"showImageEffects":true,"showParticleSystems":true},"in2DMode":false,"pivot":{"x":0.9558956623077393,"y":2.2527801990509035,"z":3.139173746109009},"rotation":{"x":0.22141556441783906,"y":0.34767916798591616,"z":-0.08485850691795349,"w":0.907140851020813},"size":4.380162715911865,"orthographic":false}