{"cameraMode":{"drawMode":0,"name":"Shaded","section":"Shading Mode"},"sceneLighting":false,"audioPlay":false,"sceneViewState":{"showFog":true,"showMaterialUpdate":false,"showSkybox":false,"showFlares":true,"showImageEffects":true,"showParticleSystems":true},"in2DMode":false,"pivot":{"x":2.050330638885498,"y":1.7194852828979493,"z":9.715978622436524},"rotation":{"x":0.5870273113250732,"y":0.08580468595027924,"z":-0.06275173276662827,"w":0.8025891780853272},"size":4.67262601852417,"orthographic":false}