{"cameraMode":{"drawMode":0,"name":"Shaded","section":"Shading Mode"},"sceneLighting":false,"audioPlay":false,"sceneViewState":{"showFog":true,"showMaterialUpdate":false,"showSkybox":false,"showFlares":true,"showImageEffects":true,"showParticleSystems":true},"in2DMode":false,"pivot":{"x":22.10000228881836,"y":7.616266250610352,"z":10.800000190734864},"rotation":{"x":0.6166561245918274,"y":0.005905799567699432,"z":-0.0046221064403653149,"w":0.7872114181518555},"size":40.866737365722659,"orthographic":false}