{"cameraMode":{"drawMode":0,"name":"Shaded","section":"Shading Mode"},"sceneLighting":true,"audioPlay":false,"sceneViewState":{"showFog":true,"showMaterialUpdate":true,"showSkybox":true,"showFlares":true,"showImageEffects":true,"showParticleSystems":true},"in2DMode":false,"pivot":{"x":50.44041442871094,"y":-115.16596221923828,"z":305.7105712890625},"rotation":{"x":-0.33958861231803896,"y":-0.04033853858709335,"z":0.014573391526937485,"w":-0.9396097660064697},"size":118.98666381835938,"orthographic":false}