{"cameraMode":{"drawMode":0,"name":"Shaded","section":"Shading Mode"},"sceneLighting":true,"audioPlay":false,"sceneViewState":{"showFog":true,"showMaterialUpdate":true,"showSkybox":false,"showFlares":true,"showImageEffects":true,"showParticleSystems":true},"in2DMode":false,"pivot":{"x":42.699527740478519,"y":2.5,"z":60.01336669921875},"rotation":{"x":0.692603588104248,"y":0.0034416555427014829,"z":-0.0029068617150187494,"w":0.7214482426643372},"size":18.186532974243165,"orthographic":false}