{"cameraMode":{"drawMode":0,"name":"Shaded","section":"Shading Mode"},"sceneLighting":true,"audioPlay":false,"sceneViewState":{"showFog":true,"showMaterialUpdate":true,"showSkybox":true,"showFlares":true,"showImageEffects":true,"showParticleSystems":true},"in2DMode":false,"pivot":{"x":16.947555541992189,"y":-55.171382904052737,"z":90.7516860961914},"rotation":{"x":-0.32250645756721499,"y":0.027829712256789209,"z":-0.009524509310722351,"w":-0.9461884498596191},"size":50.649932861328128,"orthographic":false}