{"cameraMode":{"drawMode":0,"name":"Shaded","section":"Shading Mode"},"sceneLighting":false,"audioPlay":false,"sceneViewState":{"showFog":true,"showMaterialUpdate":true,"showSkybox":false,"showFlares":true,"showImageEffects":true,"showParticleSystems":true},"in2DMode":false,"pivot":{"x":96.75254821777344,"y":2.715249538421631,"z":87.8861312866211},"rotation":{"x":0.09740001708269119,"y":0.6269021034240723,"z":-0.07941293716430664,"w":0.7689206004142761},"size":10.725861549377442,"orthographic":false}