{"cameraMode":{"drawMode":0,"name":"Shaded","section":"Shading Mode"},"sceneLighting":false,"audioPlay":false,"sceneViewState":{"showFog":true,"showMaterialUpdate":true,"showSkybox":false,"showFlares":true,"showImageEffects":true,"showParticleSystems":true},"in2DMode":false,"pivot":{"x":66.09553527832031,"y":0.631753146648407,"z":26.000720977783204},"rotation":{"x":0.25462886691093447,"y":0.30259907245635989,"z":-0.08421330153942108,"w":0.914675772190094},"size":0.7953029274940491,"orthographic":false}