{"cameraMode":{"drawMode":0,"name":"Shaded","section":"Shading Mode"},"sceneLighting":false,"audioPlay":false,"sceneViewState":{"showFog":true,"showMaterialUpdate":true,"showSkybox":false,"showFlares":true,"showImageEffects":true,"showParticleSystems":true},"in2DMode":false,"pivot":{"x":0.5046635866165161,"y":0.7100031971931458,"z":4.569753646850586},"rotation":{"x":0.13612748682498933,"y":-0.6243582963943481,"z":0.11169913411140442,"w":0.7611207962036133},"size":0.28421005606651308,"orthographic":false}