{"cameraMode":{"drawMode":0,"name":"Shaded","section":"Shading Mode"},"sceneLighting":false,"audioPlay":false,"sceneViewState":{"showFog":true,"showMaterialUpdate":false,"showSkybox":false,"showFlares":true,"showImageEffects":true,"showParticleSystems":true},"in2DMode":false,"pivot":{"x":-1.4673709869384766,"y":0.24604658782482148,"z":-2.472505569458008},"rotation":{"x":0.21349263191223145,"y":0.50040203332901,"z":-0.12882216274738313,"w":0.8291364312171936},"size":5.284647464752197,"orthographic":false}